,scfa_2_methylbutyric,scfa_2_methylpropionate,scfa_3_methylbutyric,scfa_4_methylpentanoate,scfa_acetate,scfa_butyrate,scfa_hexanoate,scfa_pentanoate,scfa_propionate
4000_1,-0.476278359189904,-0.563585212814683,-0.546474043297871,0.0722268862606763,0.293061360566518,-0.580382380914308,0.515533168983187,-0.201946063944874,0.128236956139699
4000_2,-0.607208027884628,-0.691281975047863,-0.603433033417795,-0.483210999477612,-0.187310014106722,-0.936509123862678,-0.352606172735118,-0.270032953891776,-0.081586274772321
4000_3,-0.782432879000046,-0.737314862306033,-0.733535961353567,0.0100502370388063,1.71151598037741,-0.106103876953276,0.186348491352634,0.306864582630331,1.33119748123484
4000_4,-1.04576924059444,-0.950757699786253,-0.930313806129266,-0.605514412422142,2.46978368892824,0.439640691708219,-0.117332230214931,0.985176927807603,2.3759712896395
4001_1,-0.0988829078688337,-0.199972813719981,-0.126795242447848,-0.285090591760011,-1.01519203130214,-1.06556478145796,-0.462471499053866,-0.672694915019808,-0.988748142661873
4001_2,-0.0432368711736714,0.0222239651827448,-0.108468729172863,-0.0424790162736107,-0.67741726888255,-0.572204438512193,-0.435628578242995,-0.309752722349722,-0.387071772536169
4001_3,-0.514130838501182,-0.526070308566997,-0.575574069525899,-0.24153641375926,-0.719081910674376,-0.56679371818505,0.0326520912311567,-0.604279606759681,-0.716442771976813
4001_4,-0.712032575241554,-0.741847382298503,-0.725263338889031,-0.117996316968803,-0.628244247398596,-0.538260025470862,-0.286639718228099,-0.591778631958417,-0.638577703439069
4002_1,0.634295501582151,0.749585320233829,0.645967550265348,-0.198989341818932,0.667161711973538,0.772739870029504,1.22624142327197,0.707770112428011,0.568938038617007
4002_2,-0.390998787029263,-0.439302690139446,-0.436588884177546,0.00919647192166191,-0.409287104689125,-0.702683548211214,-0.371356086702561,-0.557090562841173,-0.429147374580168
4002_3,-0.260128856510092,-0.272031283360164,-0.314724408654841,-0.368175477092698,-1.10614276392938,-1.23608551290173,-0.575956608491234,-0.907744772144407,-0.875940743070473
4002_4,-0.466442990541932,-0.518969812270147,-0.531571094880947,0.107324631440764,-0.990929264397573,-1.05065433508232,-0.634742305066176,-0.854568989845681,-0.825581392327149
4003_1,-0.612651060726183,-0.686310886619511,-0.622758921584275,-0.476696629657592,-0.21971442657486,0.618707297799382,-0.671776582392588,-0.517697023777661,-0.180243184315011
4003_2,-0.553360631451242,-0.694325799634602,-0.515655046914347,-0.0779865280738522,-1.29944121460854,-0.121502446239121,-0.838676824955322,-0.431038428709624,-0.495900558013409
4003_3,-0.546171236234888,-0.694657266155337,-0.570620402308745,-0.605514412422142,-0.940890286435165,-0.340205649423921,0.177822972716491,-0.464854834786168,-0.600073692391122
4003_4,-0.6565796689354,-0.765071785901355,-0.64292996411829,-0.0493327625599858,-0.841595047933016,0.192400717720097,0.150893121657913,-0.256792721413827,-0.354495852480548
4004_1,-0.145571497629712,-0.273827387083542,-0.0930733506040682,-0.343724518284417,-1.10164427497362,-1.10361638598941,-0.484775639323013,-0.75498179900577,-1.11084921810759
4004_2,0.966111905346285,0.923194620103122,1.11311292018428,0.412593994247378,-0.476918009130103,-0.209034838757342,-0.304266614577141,0.808859935733811,-0.635568907328419
4004_3,0.056846174837848,0.00338233872056754,0.00748646814220519,-0.605514412422142,-0.556380063053663,-0.557462881009291,0.932349245747108,0.0165409586210509,-0.501543162873833
4004_4,-0.576447186946007,-0.5589670015806,-0.540545286890416,0.406673339413672,-0.615578200958198,-0.297964628093129,0.677637435619638,-0.29739911220514,-0.483269523146511
4005_1,0.381829956944993,0.361822516002985,0.156320305547786,0.0728345333522832,-0.370807973798191,0.43458838232247,0.358009467262997,0.149669581688537,0.309488002080864
4005_2,1.10326220668333,1.66202522286462,1.1729204939939,5.21220828444994,1.60319609092569,1.80915940319122,2.29610163204943,3.12544655252513,2.61363107851857
4005_3,-0.466186499058136,-0.622141124489663,-0.484103123323415,-0.402118422187119,-1.25700376211763,-1.0627422033032,-0.532127022433518,-1.02338540196366,-0.964631116641783
4005_4,-0.493927582563024,-0.647619669638338,-0.515197633031301,0.026124339868624,-1.49350506218106,-1.11768828082966,-0.771544402837272,-0.940073004326905,-0.88401916235039
4006_1,-0.399510833342399,-0.351123077454525,-0.388312614210006,-0.605514412422142,-0.367911999478182,-0.310804332096958,1.22180857073469,-0.480475586918695,-0.764913382706867
4006_2,-0.671930700937521,-0.692803955368203,-0.630385588613699,0.145379921526518,-0.761344739084844,-0.926416533979322,-0.197033913716425,-0.81191105029604,-0.89793024543997
4006_3,-0.766161398140617,-0.821198142712416,-0.727375460131288,-0.323824934810718,-0.972540933336304,-1.14629463213556,-0.482749562511952,-1.0512370002848,-1.16174563182092
4006_4,-0.347571129977835,-0.367798498307146,-0.219194476344449,0.0343390285054698,-0.732636766794831,-0.709509294899907,-0.651925243414285,-0.611958275395063,-0.897644631231108
4007_1,1.27165432527171,1.25473092880078,1.38465898151693,-0.223643703668541,0.337175608945382,0.722290487271666,0.967878043344994,1.26774303880124,0.391361025763485
4007_2,-0.451156847265584,-0.484611958552005,-0.503662415771774,0.340904203217457,-0.657779917556916,-1.10581352150208,-0.132769936589024,-0.767125581329625,-1.01366024542336
4007_3,-0.475313412106376,-0.558490235506269,-0.511738746719438,-0.302247773097024,-0.959770179784814,-0.732484247735695,-0.0447996433193896,-0.693922821373467,-0.917255865271775
4007_4,-0.45231200244029,-0.448205469810057,-0.374169793293711,0.415723737550828,-0.521267676491097,-0.800858955552546,-0.280027788032655,-0.661433137074002,-0.900925027786151
4008_1,0.274450123463315,0.31635640979887,0.183212477913641,-0.132862208938345,0.339647468868719,-0.180622323811944,0.699675725116086,0.467118974364169,0.326896343756479
4008_2,-0.591496758214507,-0.62166074490065,-0.551493715449538,0.686761618559561,-0.562955535592104,-0.758295336428794,-0.0441531098869094,-0.412965438084559,-0.534502011941383
4008_3,0.743636845383889,0.788178837353326,0.84073493366073,-0.605514412422142,0.509162444866676,-0.576463991535287,0.575479873911349,0.465879121602684,-0.0148115187085906
4008_4,-0.545165073163911,-0.523615341777957,-0.439986930745245,0.428510205894618,-0.126341985862569,0.334156318607799,1.1165661660633,0.0295934302947773,-0.189223802852692
4009_1,-0.825765678011223,-1.05249216699603,-0.80742208815373,-0.0532872145488664,-1.49521034862244,-1.20345637556704,-0.443931407399215,-1.06351764196518,-1.22595061763566
4009_2,-0.660468681081276,-0.897491353288323,-0.623272401383015,0.624040946600246,-1.64350239121901,-1.15787512869733,-0.685985556932614,-0.875610510718202,-1.03719472043419
4009_3,-0.859317700841379,-1.05338055821199,-0.855988297395358,-0.223488935667496,-1.60534583620052,-1.35457620396328,-0.619942463893677,-1.17894659261815,-1.27847997962844
4009_4,-1.01126024045317,-1.23577281353449,-0.974066660532524,0.501230799851396,-1.83249261606598,-1.36814105606708,-0.771918522127563,-1.25787469806603,-1.39377612076751
4010_1,-0.491443386079023,-0.483762440713589,-0.461693289481584,0.54172666047802,-1.05903623479518,-1.23803961064215,-0.791686402234214,-0.912117750638828,-0.789198666293909
4010_2,0.31016938707752,0.48269559618307,0.618577130505756,-0.390835675426889,-0.100854998773424,-1.12274929033866,-0.786182326781012,-0.108466829981835,-0.00789851108161964
4010_3,-0.104119843089111,-0.00373794922235428,-0.0818890532044532,-0.449738868476923,0.143682898670553,-0.438931737734937,-0.786213827536039,-0.0776791027061803,-0.0353137750061873
4010_4,-0.5565895938785,-0.522565224406014,-0.52110873843934,0.338401188332916,-0.338795338919005,-0.802171908462949,-0.772331221809263,-0.671891400981413,-0.448635097471984
4011_1,-8.49963198120082e-16,3.27529571486963e-16,0,2.24044673340165e-16,-3.31278309095583e-16,-5.06647640742511e-16,0,-3.78122704912326e-16,0
4011_2,-8.49963198120082e-16,3.27529571486963e-16,0,2.24044673340165e-16,-3.31278309095583e-16,-5.06647640742511e-16,0,-3.78122704912326e-16,0
4011_3,-8.49963198120082e-16,3.27529571486963e-16,0,2.24044673340165e-16,-3.31278309095583e-16,-5.06647640742511e-16,0,-3.78122704912326e-16,0
4011_4,-8.49963198120082e-16,3.27529571486963e-16,0,2.24044673340165e-16,-3.31278309095583e-16,-5.06647640742511e-16,0,-3.78122704912326e-16,0
4012_1,-0.618215813371656,-0.456579864691935,-0.693550154657523,2.85383201396528,1.0467330111216,1.88131562716304,-0.841209455855596,0.0682164966767695,1.04320110749555
4012_2,-0.558884543757318,-0.535532626464462,-0.59597407651341,1.23811277032141,0.784967702675877,1.9290948469464,-0.791388915113169,0.456834552068066,1.59141939639358
4012_3,0.229825662314279,0.366404806144455,0.132072424996983,0.664849106243179,0.989460263459734,1.31899030873626,-0.832394959394608,0.420777099654929,2.15493597177661
4012_4,-0.606812133052523,-0.468791335461419,-0.61700086029792,1.3590782217041,1.47252935042795,1.69607140200747,-0.771385660519923,0.34270609791143,1.81764426632576
4013_1,-0.834998262739668,-0.898862348599183,-0.791947109933217,-0.605514412422142,-0.338582250219577,-0.187365325864106,1.02674681453368,-0.690268597218191,-0.731780217081602
4013_2,-0.777655398383328,-0.832052693987411,-0.705954270690034,0.553465343349632,-0.407301236941635,-0.460144316416342,0.0612731413860784,-0.58604881030994,-0.623248138052821
4013_3,-0.107208757869253,0.179156423521051,0.135398926239016,-0.605514412422142,0.228480997364545,0.161429062673966,0.914962730376516,0.626289972027219,0.46637412617428
4013_4,-0.541517748193503,-0.635865747493594,-0.485536170197559,0.40081569990643,-1.15623926443899,-0.765507430520865,-0.392995863232699,-0.553665964250663,-0.810297690981922
4015_1,0.120948678665133,-0.278192338135451,0.149409237481779,-0.41342158657727,-1.48106022213209,-0.85289595041577,-0.510750042180543,-0.483958169522507,-0.88460044522751
4015_2,1.98641287071991,1.71955973547091,2.13631884234784,-0.605514412422142,-0.317259715157206,0.333695125402523,1.1559368654497,1.85502589740092,0.683184713640257
4015_3,0.587634203186965,0.647194830370498,0.994111000126329,-0.11779572330906,-0.448267384950029,-0.805095985298217,-0.47615786114379,0.257259530829028,-0.0753134553091435
4015_4,0.423436985120485,0.364324187211146,0.638145816770031,-0.442128858052238,-0.974449205337923,-0.515749839612594,-0.347651819914195,0.0505811456379175,-0.403856071067038
4016_1,-0.799324779038317,-0.709090079639457,-0.717157717606748,-0.605514412422142,1.2746572649203,1.11050106871874,2.03528280310896,0.359464421857346,0.382320579486162
4016_2,-0.179688942945445,0.0942446299920219,-0.218754590691106,0.690863409730862,1.17538484553221,0.790023520987743,-0.472211411510434,1.15961737797192,0.772906865915301
4016_3,-1.14741518621675,-1.15203694440243,-1.06467403488565,-0.30041203227779,2.14666626222097,2.36246058656125,-0.842771942373252,0.0699359046293439,2.0062956971024
4016_4,-0.854297080798594,-0.670279255500593,-0.65826374205068,-0.107464773488901,2.54946491263523,1.78905347377184,-0.539719081472977,0.887268025016657,2.08569867428511
4017_1,-0.101055320376991,-0.155944304989525,-0.135502235258737,-0.605514412422142,-0.535434722287215,-0.412229860153666,0.329758574413115,-0.142961982408133,-0.434196540248178
4017_2,-0.165320462396747,-0.146808810471266,-0.140084528692487,-0.502774028313494,-0.827389422888728,-0.648194830791504,-0.385707138740223,-0.177390506482959,-0.634582649970577
4017_3,-0.0112610824271042,-0.0372828258475083,0.0252206324352829,-0.251888958878631,-0.513634892408645,-0.886050449484463,-0.0948059528825291,-0.216175457469569,-0.438680759304495
4017_4,-0.145964429142129,-0.0910818747714616,-0.171053853491482,-0.605514412422142,-0.725652487061105,-0.689509282512265,-0.101975644753481,-0.225603320857244,-0.519516705019151
4018_1,-0.693950184189723,-0.828517068872974,-0.66669832903391,-0.605514412422142,-0.395670815116154,-0.362812611232447,0.336539441623441,-0.34825049641924,-0.700209486304288
4018_2,-0.479278948120563,-0.54705956102693,-0.464203628492811,-0.605514412422142,0.227731426402251,-0.113234269741666,0.773304810579007,0.0638054002815304,-0.379624686690046
4018_3,-0.219878360005289,-0.257903159687304,-0.171148106926056,-0.605514412422142,-0.290907466100777,-0.0391450626924548,1.02663892269199,0.275394376809512,-0.402292419875886
4018_4,0.726023875263043,0.749084791103359,0.984811264204507,-0.605514412422142,0.402895831438787,1.72639051816743,4.62459910033385,3.03164901805964,0.766208540296123
4019_1,-0.577952588711211,-0.652111720858207,-0.487192338711546,-0.605514412422142,-1.3474638070111,-0.884967940587138,-0.153975057654254,-0.722801936623542,-1.01485027852341
4019_2,-0.472881409896436,-0.491257786614288,-0.532794898336289,-0.605514412422142,-1.04745563875565,-0.5475101373414,0.170340074694795,-0.525174733687421,-0.871102178544531
4019_3,-0.266200372750959,-0.173951167453339,-0.252284147905228,-0.605514412422142,-0.555862727902472,-0.535358004665476,0.430632972126504,-0.0677274666762298,-0.461754285177804
4019_4,-0.670179034264386,-0.632784920050604,-0.697980390408067,-0.605514412422142,-0.1600248238549,-0.109298537502471,0.927979263229991,-0.0884303843947426,-0.333409447623632
4020_1,-8.49963198120082e-16,3.27529571486963e-16,0,2.24044673340165e-16,-3.31278309095583e-16,-5.06647640742511e-16,0,-3.78122704912326e-16,0
4020_2,-8.49963198120082e-16,3.27529571486963e-16,0,2.24044673340165e-16,-3.31278309095583e-16,-5.06647640742511e-16,0,-3.78122704912326e-16,0
4020_3,-8.49963198120082e-16,3.27529571486963e-16,0,2.24044673340165e-16,-3.31278309095583e-16,-5.06647640742511e-16,0,-3.78122704912326e-16,0
4020_4,-8.49963198120082e-16,3.27529571486963e-16,0,2.24044673340165e-16,-3.31278309095583e-16,-5.06647640742511e-16,0,-3.78122704912326e-16,0
4021_1,-0.5369858466243,-0.540922091161149,-0.519517926581913,-0.605514412422142,-0.0444098081712468,-0.46567703540869,-0.817600829937528,-1.17341146639276,-0.0410267328141726
4021_2,-0.199777458176243,-0.203789409544864,-0.113549609068941,-0.513238425162981,-1.19559196817131,-1.14703615185511,-0.833405709049352,-0.672877400845505,-0.857011795966969
4021_3,-0.0579849101950087,0.749267347084825,0.386327744968236,-0.157452302852038,-0.0111648834359981,-0.542535724321794,-0.863889975987229,-1.37945709688245,1.11087029477227
4021_4,-0.515151397349961,-0.470148534919092,-0.486620556342861,0.00624994305539757,0.788490642179662,0.468521163797837,-0.81276213566243,-0.554134903474165,0.178149243961477
4022_1,-8.49963198120082e-16,3.27529571486963e-16,0,2.24044673340165e-16,-3.31278309095583e-16,-5.06647640742511e-16,0,-3.78122704912326e-16,0
4022_2,-8.49963198120082e-16,3.27529571486963e-16,0,2.24044673340165e-16,-3.31278309095583e-16,-5.06647640742511e-16,0,-3.78122704912326e-16,0
4022_3,-8.49963198120082e-16,3.27529571486963e-16,0,2.24044673340165e-16,-3.31278309095583e-16,-5.06647640742511e-16,0,-3.78122704912326e-16,0
4022_4,-8.49963198120082e-16,3.27529571486963e-16,0,2.24044673340165e-16,-3.31278309095583e-16,-5.06647640742511e-16,0,-3.78122704912326e-16,0
4023_1,2.74676517460783,2.51192372702084,2.6474812246831,1.44406023764341,0.518903178653724,3.71881317856977,3.18139930481829,1.72228598973711,0.287801617424157
4023_2,7.1187683924655,6.57211195870583,7.2105756759276,-0.0502125985117723,2.30556643910317,2.63419604100083,0.183666299988192,5.75972755506475,0.51302879936866
4023_3,5.5330636156939,4.91352425002249,5.68285316890519,0.194816526050002,2.02905454824724,1.5516337991888,0.220099679171279,3.91580894409368,0.738671242612613
4023_4,5.91429254878586,6.51171730564805,6.16009708131167,-0.265352298866029,2.32649175705706,0.863757510083517,-0.39928980863362,4.80826811202975,0.520212148652683
4025_1,-0.167548062359323,-0.0206039583239137,-0.153753447004659,1.38514450197545,0.255607491783617,0.217422668947651,-0.762191866413176,0.443202577860695,0.451803712019196
4025_2,-0.582547386352013,-0.486904822028977,-0.530144105590935,0.258831615153597,0.156098390555061,0.147779935190422,-0.727097244059181,-0.433144319324899,0.0430399365684906
4025_3,1.35894498885215,1.52419705777102,1.27029617251023,1.87752445631774,0.152557863119176,1.12740242689714,-0.692243857839007,1.67571231399244,1.42505899963363
4025_4,0.0877837921690234,0.127650611909261,0.00555009111743397,-0.0387787606731763,-1.12110987817733,-0.472684516269805,-0.79686793168373,-0.0407901821169033,-0.252466478618814
4026_1,-0.88279155893041,-0.910891355029233,-1.00053527141175,-0.455067126322352,-0.499905319729425,-0.318379002396258,-0.782806591666122,-1.02059089771933,-0.203929610524843
4026_2,-0.0451837203876079,-0.00893585460359566,-0.0803652870691605,-0.498998548112905,-0.522001602124055,-0.304424690957253,-0.533523019885242,-0.31635526271399,-0.171161537921545
4026_3,-0.490374975342427,-0.706250142303835,-0.538419107697512,-0.445798992262848,-1.24041612646713,-0.986351488807377,-0.802354622059571,-0.875844351777651,-0.79266871709143
4026_4,-0.204834737001905,-0.285111515156786,-0.273392986963026,-0.481222031198987,-1.16479397423475,-0.966799714817059,-0.800039406089702,-0.677765571299606,-0.490520424822198
4027_1,-0.461230478272725,-0.433881766176767,-0.480032807444372,-0.34877363677572,0.319864479497149,0.765553492156281,-0.813585950254283,-0.244904617487613,0.56703421870955
4027_2,0.382011181497957,0.460413944250208,0.380895102520151,-0.497708534997605,-0.310751960870581,1.73306117785332,-0.819631935369733,0.630455110155983,1.51637949464522
4027_3,-0.746552206346466,-0.673029159026769,-0.627123145524009,-0.545689216966923,0.0930066508116149,1.10237629680934,-0.811657152017044,-0.227056343941257,1.10748801344314
4027_4,1.18939013716482,1.43113370339355,1.12030519600238,1.03193950980028,0.372775823633601,2.0184310368534,-0.764531854625834,1.42227065041127,0.932118571897898
4028_1,-0.942007522570331,-0.948388885004016,-0.923264380423523,0.379943250263932,1.78524622108505,0.435923754290027,1.13096665899606,-0.361097630722519,0.0530249681743777
4028_2,0.397894218692918,0.495887241727848,0.169418169567693,-0.320486153919513,0.0360118436142851,-0.755628998210216,0.74864044341165,0.135173244387332,-0.0261486546032243
4028_3,-1.04218271667465,-1.12459500944328,-0.995040664479201,0.366503550208921,1.00375943209958,0.347757163147278,-0.802320587790434,-0.910802472720438,-0.293469405356963
4028_4,-1.07728738629869,-1.08616541185433,-1.06349541898454,-0.375112424132099,0.327175015677093,0.516703673632713,-0.80820865313334,-0.521093644990633,-0.0555062739332191
4029_1,-0.80823974586134,-0.756310501792491,-0.788929209126697,3.2989684296671,-2.11077402449833,0.588824211306802,-0.748408954606293,-0.539449053985663,0.905160907250465
4029_2,-0.512873242573241,-0.399090044583445,-0.475137295549019,0.265601564527419,-0.363880055144384,-0.384490067398815,-0.7208379672861,-0.86125664985309,-0.564370451268147
4029_3,0.0158624164906456,0.034032212097423,0.00113504654743094,-0.0826810682428866,0.679140391384906,-0.337954277530115,-0.67729474148755,-0.461144777769373,-0.223913304565808
4029_4,-0.263216750161684,-0.242311155012321,-0.29064463704525,-0.202837982764314,-0.0598684466912601,-0.966961504428174,-0.622861884528824,-0.770042026562912,-0.572027833393704
4030_1,-8.49963198120082e-16,3.27529571486963e-16,0,2.24044673340165e-16,-3.31278309095583e-16,-5.06647640742511e-16,0,-3.78122704912326e-16,0
4030_2,-8.49963198120082e-16,3.27529571486963e-16,0,2.24044673340165e-16,-3.31278309095583e-16,-5.06647640742511e-16,0,-3.78122704912326e-16,0
4030_3,-8.49963198120082e-16,3.27529571486963e-16,0,2.24044673340165e-16,-3.31278309095583e-16,-5.06647640742511e-16,0,-3.78122704912326e-16,0
4030_4,-8.49963198120082e-16,3.27529571486963e-16,0,2.24044673340165e-16,-3.31278309095583e-16,-5.06647640742511e-16,0,-3.78122704912326e-16,0
4032_1,-0.72458382450647,-0.751197327772582,-0.830066203270488,-0.605514412422142,0.24749217420686,0.0541322939671015,2.87651259820964,-0.170988295446977,-0.497873330945634
4032_2,-0.626838109600593,-0.538957485034784,-0.679382029225262,-0.605514412422142,0.364878864512789,-0.126374688548497,2.4260783282384,-0.00110116105019708,-0.364675468343588
4032_3,-0.400603034690171,-0.415588977115306,-0.595023141953419,3.2964908524867,0.54424362735421,0.161285881584811,2.30000979458199,0.0880562684330723,-0.0975279351089652
4032_4,0.19984281507316,0.218602252881168,0.00138661870432471,-0.605514412422142,-0.577254588009117,-0.776810635249395,1.17695493958397,-0.0992479375292822,-0.584405339467264
4033_1,0.363757771420818,0.121097550204931,0.44966075955536,-0.427409169787974,-1.01504675281008,-0.988403051680008,-0.740744789744001,-0.339820296111048,-0.593551404504245
4033_2,0.00878792970795467,-0.00560485371818564,0.0937296129963261,-0.542968356784563,-1.1194302629261,-1.18807538387005,-0.539266807605024,-0.590084854608616,-0.730860234896824
4033_3,0.408098878703229,0.6621336002949,0.483225176740302,-0.503860623783839,-0.602135882162966,-0.912594171603445,-0.38478705831855,-0.195042579179173,-0.613709834227903
4033_4,-0.152688512952319,-0.243801622533902,-0.0551073288699746,-0.46273167283108,-1.23261434029574,-1.3054680549364,-0.742672560814234,-0.899670750997876,-1.02255471523047
4034_1,-0.568352240120488,-0.530464837014447,-0.559334758131167,-0.605514412422142,0.264010648536355,0.858623451097604,2.53162909325532,-0.0918404412196441,-0.245839805007418
4034_2,0.502848464188007,0.52330313411401,0.499122282136064,-0.605514412422142,-0.510211336962047,0.57102608136233,1.44247360544565,0.333321089938352,-0.116413628731696
4034_3,1.03958176932446,0.949803379041797,1.00149720233172,-0.605514412422142,-0.937295201667644,0.871121316234741,0.534745361632673,0.262581612377732,0.221763005000306
4034_4,-0.115819913338391,-0.263280701533336,-0.229333144410184,-0.605514412422142,-0.865994055315911,-0.57863011078939,0.324846369057577,-0.487069004703196,-0.672440179383486
4035_1,0.244320925617914,-0.0845657447305089,0.24654646319849,0.127249948432106,-1.18798549447767,-0.791682280833581,-0.316017171568571,-0.227886398746284,-1.11160865516279
4035_2,5.94351129734188,5.35196912582269,5.8404339506447,0.879534668330799,2.22126525274818,3.0553824063818,0.870526329439634,4.66002917023719,1.07924520222977
4035_3,0.584815111477573,0.300877189417934,0.584715056281221,-0.023337517561457,-0.660023674802926,-0.619719159132552,-0.510748169066957,0.0904070769181403,-0.819023361716209
4035_4,0.283943939706964,0.178335236569952,0.345034295156962,-0.385959648217275,-0.780377994348092,-1.14052654968848,-0.638448208433132,-0.42926597300597,-0.970113821849474
4036_1,1.4924222914218,1.33149812379159,1.54298554044754,-0.456470449259166,-0.345177399393905,0.189255701939016,-0.244969934766726,0.719890191218891,0.124312496006056
4036_2,0.783156089366142,0.80162650563563,0.660071181571857,-0.20049950491646,0.0511777793359287,0.23027963611905,0.177806335817067,0.481527405819654,0.286241372492808
4036_3,0.632683824738846,0.606700855967238,0.645174081678968,-0.605514412422142,0.140820232405973,0.747358593006323,0.272982296878136,0.559686310899936,0.402204161328478
4036_4,0.311381977039957,0.238074805537852,0.227736242972227,-0.349890401980825,-0.495720422770687,0.279701561674339,0.120507513394855,0.0467035766030224,-0.176871148822302
4037_1,1.21559944771548,1.41500748328643,1.16854850754462,2.9105729612862,0.885901028586368,0.767421009278466,2.64540726193654,2.06764466014397,1.81049847443568
4037_2,0.399483069225314,0.678734945595176,0.4338813159407,-0.605514412422142,0.120072357089379,-0.00768258400613222,1.81662583341146,1.22769731946259,0.745210302397544
4037_3,-0.633946393527889,-0.547638209723986,-0.669198436042819,0.0574036936764701,0.0685875384745944,-0.649064563517574,-0.641559264915194,-0.407861912616778,0.0857999479946977
4037_4,-0.311940386326528,-0.282934918846271,-0.33940753290606,-0.605514412422142,0.0779430751102201,-0.592541702358841,1.24494446594545,-0.0860197029438219,-0.242877147849172
4038_1,0.371190788717437,0.435216887529036,0.520453912869784,-0.605514412422142,-0.228875048893112,-0.283393016385813,0.073389173806614,0.12421910236415,-0.454580930210349
4038_2,-0.0427420484268415,-0.0461567848440897,-0.0315385948831002,-0.605514412422142,0.110564144664119,0.677402598107897,0.958809377102987,0.49319750507289,0.33227711598946
4038_3,-0.685313077602618,-0.636824390115579,-0.602460147814089,-0.605514412422142,0.691007948005544,0.647309503205468,0.124096200487484,0.391654965412793,1.56331350854492
4038_4,-0.00617477166738868,0.0969273885554609,0.0181894780087101,-0.605514412422142,0.395266229827203,1.84192843100396,1.61260422441587,0.650624321389147,0.599824962386033
4039_1,0.861688294403996,0.609560815668337,0.677958215050461,0.0923191388689466,-0.112448164196548,-0.125746005401191,0.348896214349554,0.401736988275086,0.167840568820741
4039_2,0.172107207227643,-0.144483193944148,0.101961567021863,-0.605514412422142,-0.740558895617165,-0.452774718251432,0.479697273089941,0.198670990135329,-0.454157237083102
4039_3,2.26316209421112,1.76042341607859,2.19304560800386,0.21734975806082,0.966581203983049,1.00291472926715,0.863640583019059,2.18473681988475,0.27537552041291
4039_4,2.3019725696689,1.96282543270922,1.95969000951613,-0.605514412422142,1.3583475624445,1.30174892766385,1.79330934398852,2.49368849865163,1.35437391712781
4040_1,-0.423831250202967,-0.348903674082566,-0.533060911615054,-0.204744670361015,0.466629979625396,-0.316378825753386,-0.79606833653572,-0.0605792108994329,1.49788452321615
4040_2,-0.391536173644892,-0.323224766212517,-0.518639907475473,0.178362209557999,0.50112185144916,-0.201323463301742,-0.730197003716914,-0.0210743842316192,1.54895883406577
4040_3,-0.134534589251213,-0.111160803265165,-0.201150649363008,-0.229903437953351,-0.782643533357884,-0.862524214389284,-0.753918774751629,-0.309848519073069,0.246099411615084
4040_4,-0.521298043607,-0.522334553882486,-0.629481391756423,-0.350654828088452,-0.0617325478130735,-0.602904345211873,-0.813651218616947,-0.188566590526265,1.07698971717574
4042_1,0.780500191569239,0.813708065111596,0.803890701037446,-0.605514412422142,0.884114365537373,3.05414524024758,4.50739383901695,1.34637156654033,0.903662347612934
4042_2,-0.6211444751506,-0.597018366470602,-0.551596066302002,-0.605514412422142,0.354051158444878,0.537580358784887,0.533709556676787,-0.106062633716767,-0.0983030560035509
4042_3,-0.507221898073213,-0.487858712306862,-0.439736341087689,-0.605514412422142,0.352966704128528,0.606486780652617,0.601797080432213,-0.169485696945442,-0.0628900518758796
4042_4,-0.611875687970906,-0.597590931466202,-0.579810690081803,-0.605514412422142,-0.154308460697955,0.151611627674011,0.801123713320303,-0.241590713941611,-0.303653349615085
4043_1,0.663799859154839,0.81566709190405,0.689739974511154,0.963367303917161,0.068781982450996,0.803818004690008,0.915864318264837,1.28191821632336,1.13110691571992
4043_2,-0.634964551869202,-0.777925931991329,-0.593655908912394,-0.427374581083221,-1.02423580429877,-1.41704428876935,-0.284725538570751,-0.919829176085166,-0.935459195259512
4043_3,-0.628312963828365,-0.568653312698726,-0.586357396167545,0.21350045649778,0.191051984357509,-0.458571909436179,-0.525010579389703,0.170342652013821,1.25792433086976
4043_4,0.65346717457306,0.641991163176636,0.581442849583992,-0.605514412422142,-0.162627137963711,-0.172461647284446,0.910654703881297,0.710495902699195,0.340577274521038
4044_1,0.951708832683877,0.852951132981418,0.905369065943734,-0.306868801350598,0.0371378448937072,0.358399895580682,-0.704312748694278,0.498086983421726,-0.356660499567333
4044_2,0.0382918010975,-0.0869976411221143,0.0347536577388512,-0.540590680515921,-0.701704409005553,-0.866899149166684,-0.823229396607547,-0.583462845981865,-0.682262818117908
4044_3,-0.534223100706736,-0.602729801987694,-0.577679197519858,-0.459686612136325,-1.41921154352345,-1.08458894749231,-0.750112914561143,-1.01112121030401,-1.24132033401436
4044_4,-0.48972880642473,-0.528596759913011,-0.390888705869205,-0.544630442205084,-0.905410113942606,-0.932245355966254,-0.833695670204082,-0.846170607854166,-1.05404789049902
4045_1,-0.385364560597646,-0.403511110621719,-0.368145729393473,-0.232359774914773,-0.438687602685933,-1.02899194589148,-0.706383996092567,-0.655413049406527,-0.972981685771658
4045_2,0.0285197493903755,0.0765667178861573,-0.0943153761209073,-0.2656381994136,-0.816013215350486,-0.910549316907641,-0.766875018383641,-0.632486663151325,-0.843009076254225
4045_3,-8.49963198120082e-16,3.27529571486963e-16,0,2.24044673340165e-16,-3.31278309095583e-16,-5.06647640742511e-16,0,-3.78122704912326e-16,0
4045_4,0.423149514678104,0.377554722065986,0.172248133016496,-0.0818154987017625,-0.316860887525464,-0.443059815899903,-0.741062293585692,-0.306376170039414,-0.469901670933899
4046_1,-0.710608536395492,-0.490122555219004,-0.626215484173684,1.58552859191216,2.75600198154234,1.59050556808425,3.22789972362841,0.262027101451069,0.379627154495961
4046_2,-0.781993670561863,-0.561189924829221,-0.67495630784938,-0.605514412422142,0.980706171456752,-0.282608993399576,1.63788928011257,-0.363890101840133,-0.272541470314372
4046_3,-0.895515735303277,-0.730516023181745,-0.604328227445743,-0.605514412422142,1.83147702249687,1.23290079252686,2.6263917092178,-0.0110762841793973,-0.331408939752557
4046_4,-0.931637775718527,-0.894629995179316,-0.918985646336861,-0.605514412422142,2.19973368798583,2.36348922953034,3.34430300922735,-0.137865129449915,-0.0155727783003359
4047_1,-0.98945314898643,-1.12474085841492,-0.975671465184141,-0.491716801162414,-1.05133990332765,-0.61116574124869,-0.790943593040182,-1.34204195658464,0.846161520525268
4047_2,-0.877920508788587,-0.997423228636038,-0.970885679383592,-0.34112004657307,0.410775558239928,-0.28957559539092,-0.670376998310239,-0.357022004003105,2.6019820245844
4047_3,0.222958015002999,0.314523998445192,0.0215775560560215,-0.287753655161923,1.73383308236136,1.32509150432376,-0.718264634529418,1.26465537889706,5.10318454244397
4047_4,-0.734899922429871,-0.874506771692824,-0.86833012376546,-0.605514412422142,4.51627379976719,1.43944405621116,1.43489497048876,2.67045460210267,7.5506785642153
4048_1,-1.19447558641222,-1.24477017949344,-1.15250802755379,-0.136351407745042,0.846674442483665,0.603624081748203,-0.756266771966315,-1.13181260167582,-0.358007061355888
4048_2,-0.934424031054401,-0.836679259643048,-0.902273586377375,-0.0395311980108592,0.95859309187664,1.32854679534923,-0.810533572598977,-0.276409246947372,0.0614355955675134
4048_3,-0.696226620618817,-0.516809772640427,-0.657393992181376,0.113735510590366,1.17313265331546,0.896429139441137,-0.79572820589715,-0.407967921619024,0.526610740014622
4048_4,-0.939995725761265,-0.811610730387105,-0.878486702983488,0.993269924710556,0.867730879791119,0.312058627946983,-0.6868773174108,-0.695694267173799,-0.0982442198739987
4049_1,0.421193447741876,0.617016166179194,0.604063267014746,-0.409204929810921,0.990680206282127,0.809605380250703,-0.730289895948073,-1.4209712233164,-1.09602385144033
4049_2,1.16731354154412,1.30345082996489,1.16673976029867,-0.487182175703886,0.589870715361884,0.0761045165671082,-0.700594386852048,-1.43764528041768,-1.17608886517948
4049_3,0.714826675529325,0.855149695123936,0.964440736844987,2.67432043175571,0.724922320004153,1.18794411388645,-0.669729660254177,-1.36086127237346,-0.805567297199919
4049_4,0.438990383732325,-0.113115193931358,0.392628537830394,1.12254303394962,-0.0661476191414703,0.104443298447326,-0.668332119788024,-1.36169418663609,-0.488716238668104
4050_1,0.545835762549741,0.320246760608212,0.657740622760378,-0.321333398150067,-0.96184626874953,-0.868027622960443,-0.666001636586347,-0.154343536282637,-0.971275693809604
4050_2,0.415022159094875,0.0770222133589538,0.505428639972528,-0.513441255817721,-1.0886892485782,-0.915058247394764,-0.71859473924612,-0.242700809140202,-1.02003790109431
4050_3,1.76099030332001,1.4635374754875,1.84717040669258,-0.605514412422142,-0.235325568075935,-0.108118523244481,0.603847271149981,0.790977494322032,-0.539004706244866
4050_4,0.727224372602147,0.44024672824952,0.805775115012319,-0.605514412422142,-0.776218110212997,-1.00260063317606,1.40047947627306,-0.0406737652855983,-1.01931572457685
4051_1,0.00188239213486416,-0.222699804056442,-0.099856581187048,-0.135113337883916,-1.33737115693009,-0.868724958176317,-0.199055015128207,-0.559825106070716,-1.12440193590926
4051_2,0.622884955301427,0.462085754918816,0.578402239716601,-0.605514412422142,-0.994701791061958,-0.118198589967127,0.430911138108812,0.393197033055376,-0.636408364265718
4051_3,0.495219618196161,0.478109982629401,0.444118141649542,-0.103943048589838,-0.24095401781922,-0.837750037544117,-0.0214214619957163,-0.00452762258334811,-0.589545367479017
4051_4,-0.00480554303948862,-0.125035156668527,-0.0537835210141571,-0.512192038018037,-1.14297505970318,-0.867414640332583,-0.527962262586869,-0.499941675611637,-1.00898760612167
4052_1,-0.949403392500379,-0.921678221594781,-0.902902936441881,-0.510112745937296,0.816622285632651,-0.313134217925837,-0.738803603061415,-1.43012562647011,0.563312136760458
4052_2,-1.1642216464068,-1.20397203025705,-1.11848072283003,-0.585657931322074,1.0659522584183,-0.26185448471109,-0.82810662321171,-1.44574068201527,0.48720797084229
4052_3,0.179376392904047,0.00934716451809934,0.213307154373366,-0.507511117345238,-0.597436507687696,-0.520558107746886,-0.641642496450869,-1.28663693077547,1.12489102274529
4052_4,-0.584092454551139,-0.553659104190978,-0.669114865162844,-0.605514412422142,0.0328501448361731,-0.872851453926812,-0.823308428401346,-1.41589728387552,1.54543202136053
4054_1,-1.06184733115101,-1.24888374455795,-0.946029215167681,-0.573058271586484,0.218190607967459,0.135627081645985,-0.830138328529046,-1.45203071652807,-0.764114388132833
4054_2,-1.2483666229311,-1.42926125860037,-1.16716667365073,-0.605514412422142,-0.673318637847464,-0.852537226023756,-0.775245869325369,-1.47289763918899,-1.26250120994268
4054_3,-0.897707771444019,-0.863202433480704,-0.728681357896968,-0.569241011627292,-0.635093546669029,-0.446490354983273,-0.842983342541321,-1.39280174077526,-0.468048311267798
4054_4,-1.06715738640639,-1.08544363411765,-0.953045213062334,-0.605514412422142,-0.8903090262896,-1.20372500961866,-0.774239744268825,-1.45088676993617,-0.758794669352272
4055_1,-0.22740219811879,-0.223334432185772,0.0356766982135723,-0.520544549300745,-1.11039487248752,-1.12576023034358,-0.764645960408564,-0.425700209608385,-0.83007552270722
4055_2,-0.149419885491488,-0.0780888891775195,0.145067677962342,-0.378417970474131,-0.793459679380239,-0.959851333186731,-0.493202795932613,-0.172210033251652,-0.795591299467055
4055_3,-0.438849478025968,-0.544759774331851,-0.340535592221404,-0.544679675869864,-1.16416945433475,-1.30007145953856,-0.742875476095638,-0.691632168569982,-1.16193174891117
4055_4,0.0118455253464119,-0.155333182986192,0.00430407798245182,-0.522289577817036,-1.16988834729626,-1.13082797002144,-0.715242671291163,-0.541253944075796,-1.09821401306552
4056_1,-0.731569723188805,-0.670682415829675,-0.814701250645303,1.03957960636649,0.276505004292482,0.552648524181262,-0.685022409258227,-0.628919283161315,-0.0990310745957568
4056_2,-0.666205820166039,-0.612357110076851,-0.82297806746627,1.08332918194087,1.39794224270387,0.542578449656373,-0.688986914411069,-0.50910629010794,0.978957311273961
4056_3,-0.776015580932498,-0.723951570883496,-0.823164596914624,-0.0295663148100882,-0.312162777348264,-0.779348457446649,-0.548823723196336,-0.963041644557164,-0.373936052417479
4056_4,-8.49963198120082e-16,3.27529571486963e-16,0,2.24044673340165e-16,-3.31278309095583e-16,-5.06647640742511e-16,0,-3.78122704912326e-16,0
4057_1,-8.49963198120082e-16,3.27529571486963e-16,0,2.24044673340165e-16,-3.31278309095583e-16,-5.06647640742511e-16,0,-3.78122704912326e-16,0
4057_2,-8.49963198120082e-16,3.27529571486963e-16,0,2.24044673340165e-16,-3.31278309095583e-16,-5.06647640742511e-16,0,-3.78122704912326e-16,0
4057_3,-8.49963198120082e-16,3.27529571486963e-16,0,2.24044673340165e-16,-3.31278309095583e-16,-5.06647640742511e-16,0,-3.78122704912326e-16,0
4057_4,-8.49963198120082e-16,3.27529571486963e-16,0,2.24044673340165e-16,-3.31278309095583e-16,-5.06647640742511e-16,0,-3.78122704912326e-16,0
4058_1,-0.983278897372353,-0.946570614616244,-0.907172570497702,-0.605514412422142,1.04484766401938,0.882682788408166,2.01258716338446,-0.25607383923205,-0.0707100372911977
4058_2,0.977190068881069,1.00568218488222,0.919378880243169,-0.467536443146757,-0.16391187106305,0.15345450866647,-0.24068904828143,0.543180128554507,-0.150788506742479
4058_3,-0.077686812307231,0.119104352138455,-0.16570744903677,-0.605514412422142,1.53158601237567,1.28756102949681,3.91252027889034,0.875655140682004,0.460234668605516
4058_4,0.249869288866603,0.167226700739712,0.194643045973699,-0.605514412422142,-0.416633086510435,-0.82693097052264,-0.391500240198669,-0.166604890550645,-0.576989985798895
4059_1,-1.15874577548656,-1.22147508082812,-1.04392823527792,-0.605514412422142,0.61976870933805,0.124230462436345,0.488970334971169,-0.146076657274161,0.898915791106496
4059_2,-0.424232170681293,-0.437472548157947,-0.368163754970724,-0.605514412422142,-0.572164459562003,-0.564721652981543,1.21459596153867,0.347030633280738,-0.572914003976995
4059_3,-0.958128217611683,-0.936176198203433,-0.871450910851095,-0.605514412422142,1.70298268234244,1.0950233956366,1.98767089116368,1.00973741225681,1.2703903099679
4059_4,-0.336801593932455,-0.396468930413577,-0.252774140432485,-0.605514412422142,-0.72155261204916,-0.533331483727326,3.15452717898076,0.00127540555106415,-0.900079831958831
4060_1,0.291410070799708,0.408634258246128,0.175697853504025,-0.605514412422142,0.413509305972217,-0.0430110480438128,0.678770353630067,0.137655428969005,0.759836470985013
4060_2,-0.98537053484534,-0.975553842110753,-0.9510723179577,-0.542056038166243,1.13087070957409,1.89434395034531,-0.69543927575024,0.0581153393628493,0.328434697825951
4060_3,-0.824117485235552,-0.838730910366672,-0.772364537069416,-0.52641200054997,-0.824652891029675,-0.160242808983972,-0.788027177914022,-0.885305019196173,-0.73844936534752
4060_4,-0.692112746768385,-0.597981055806692,-0.692562921095408,-0.549464255087393,0.820443622902475,1.86056537340381,-0.670072573838348,-0.0138937988125063,0.385723047086278
4061_1,2.74732896592243,2.62102557042748,2.54044805081136,1.86249734079849,-0.229073959777571,2.42925796891222,-0.59524422220512,2.67892954736234,0.752235864881656
4061_2,2.01056315339639,2.00886485664385,1.70537335443422,0.200069951641525,-0.131179408701154,2.13711264209225,-0.605117972269342,2.04352324648653,0.879337820733688
4061_3,0.132729119064652,0.104746784220109,-0.026436599089715,0.325585537536913,-1.04496289284381,-0.052392120137736,-0.730162768576887,-0.317255415605111,-0.240681749499228
4061_4,2.48253912269954,2.53717809556605,2.2306170168115,0.944673121515838,0.571484688518539,3.44908194251167,-0.560616034629543,3.07643836666175,1.74946454737381
4062_1,-0.0251909051036567,0.175050587756401,-0.104516624836319,-0.499178580983667,1.12140294383053,-0.225163764805794,-0.789727236922183,-0.411749559856819,0.196401506084004
4062_2,-0.463702799846086,-0.45329414475671,-0.476617383374863,-0.548952585134965,-0.926428226311875,-0.866366148924037,-0.617646591846004,-0.707378071242044,-0.626197822001824
4062_3,-0.291211445002905,-0.260139004541275,-0.379175785871365,-0.524128600358263,-0.150123000983514,-0.00545483108066598,-0.592004868487631,-0.193812550589553,0.0655448040992444
4062_4,0.826876403947739,0.750495611097347,0.676185043680677,-0.517867816209372,1.30727940504702,0.544614502485211,-0.605721676215665,0.978998391678221,1.17531500948879
4063_1,1.46845781716613,1.40123535839885,1.28416754333724,0.382242419087567,0.0345786364720161,0.416000256917803,-0.660943024810585,0.672862153291085,-0.292495534984491
4063_2,0.00613638976824325,0.0418649772356004,-0.129457474073795,-0.355051216532399,-0.550557578755775,-0.487132357013225,-0.687822704952247,-0.565731701624646,-0.937181536421365
4063_3,-0.404852782259768,-0.664561313089582,-0.490911623687821,-0.305750385104668,-1.5424918578165,-1.14913083819748,-0.756408389516781,-0.949437155039179,-1.29352916356015
4063_4,-0.455718842322034,-0.63217108707754,-0.478887700269093,-0.468799737109589,-1.46327713167383,-1.03243245570645,-0.722016054437909,-0.908152185670293,-1.31954379902625
4064_1,0.887119036107138,1.1243919178339,1.04078758869037,0.550337145372661,0.656065858273659,2.03926130750294,1.73808994390346,2.23045582847085,0.776688821341956
4064_2,0.714496140986618,0.712217244641109,0.677349864517536,-0.605514412422142,-0.550128036879784,-0.581810727662408,-0.229596924471223,0.185453398644361,-0.413008594631572
4064_3,1.17916710110192,1.70000057467089,1.56446255275696,0.692231177048523,0.914594984562795,0.781427744163342,1.62509986807988,2.00551896531306,0.820057609770154
4064_4,-0.676573031727168,-0.768682251215506,-0.640006668225923,-0.605514412422142,-1.22171960784059,0.088733112026845,0.767147247995686,-0.308684169124257,-0.666694399899103
4065_1,-0.0851804761566018,-0.164595205361565,-0.0955968316910531,-0.324561483431588,-0.657462314148891,-0.0972642143699111,0.486303951472847,-0.331800208728569,-0.612532938566362
4065_2,0.128320007011102,0.0606765429593538,0.059435858313075,-0.477150556774767,-1.03843504128445,-0.457733664476837,-0.291661271031701,-0.138315679101436,-0.537445610477637
4065_3,0.272262746039603,0.409101325810257,0.0979088587370196,-0.605514412422142,1.39510533026085,2.05715867936967,2.87810590460343,1.03164713123193,0.544363569913761
4065_4,0.349371254639685,0.368137361590417,0.272502108132344,-0.605514412422142,-0.228847078932031,-0.0178547697459434,0.59439487230248,0.301273239279208,-0.181608126041749
4066_1,0.449713584851304,0.457931506952732,0.413737154251524,-0.605514412422142,0.207176620321751,-0.241468929042679,0.558893106381413,0.263137748865603,-0.0275444732979355
4066_2,-0.312282657285493,-0.314142631281725,-0.250902152422318,-0.605514412422142,-0.645413279459309,-0.961507251854216,0.0598507293264764,-0.566808155940231,-0.793454750337991
4066_3,0.357523599398642,0.310969352858269,0.300660726825085,-0.420060799273764,-0.411539709269817,-0.730938503058435,-0.608903697631998,-0.247600937912087,-0.755665755123847
4066_4,-0.0829517284285898,-0.109695136029269,-0.109259898543514,-0.516639699958983,-0.750160111536415,-0.928237652341662,-0.395053159125638,-0.519866581611517,-0.917716752658384
4067_1,-0.286941705472487,-0.333790458951275,-0.317238894963358,1.12136246251153,-0.104987190615685,1.11828300823004,-0.690218261268404,0.25832605345512,0.38963864941203
4067_2,-1.07796961525929,-0.992780372986982,-1.0102799958886,-0.0203269516950538,2.61648384955984,2.85663971146819,-0.712757218451497,0.843850833195796,1.65232872694072
4067_3,0.563287167680664,0.642079126224386,0.609270444440087,3.83124865511791,1.10522029271436,2.98296089722445,-0.537513116705179,2.32561123952294,1.74947665837558
4067_4,-0.805914538549643,-0.817811565550154,-0.849508418663147,-0.129535927538888,1.15932990105827,0.484970637706368,-0.604667723366097,-0.175289749831348,0.421279722579671
4068_1,-0.786056251067177,-0.851022914454687,-0.84829429266786,0.484510695641335,-0.212805766191208,0.0615759403470525,-0.77807621284278,-0.801511650687429,-0.438687916959401
4068_2,-0.892556984845342,-0.946430722137125,-0.919708724919039,-0.0355578529098717,1.08364029498237,0.00264021747624485,-0.712123240575069,-0.794383140299578,0.0466095735086282
4068_3,-0.963721259510321,-0.934630115682049,-0.957980960040426,0.727598536707958,1.35960415869272,1.51426229342252,-0.749952163879205,-0.514307760188833,0.457879036314882
4068_4,-0.0601664779418375,0.115769025577451,-0.132820730334913,-0.206405313549118,2.44950908014822,0.548967862469988,-0.470886759430844,-0.180185544199214,0.492929332000188
4069_1,-1.12339166736868,-1.16174262449237,-1.04617271817633,-0.306967899698373,1.13867141801854,1.56475316291814,-0.810822878639156,-1.07491719577177,-0.253071495336137
4069_2,-0.926550250537754,-0.898068996661254,-0.84336773280384,-0.488836252656113,0.465708301437998,0.63450646633285,-0.640070502370433,-0.455283343596423,0.0287298151704613
4069_3,-0.391845721382238,-0.357405073352861,-0.378680434112698,-0.143490399926327,-0.263982306523288,-1.25533913595954,-0.744852908155406,-0.863174388341442,-0.271731639844647
4069_4,-1.07854927286838,-1.11708197772802,-1.01968801489893,-0.564287038657103,1.3294925166924,0.356019106393985,-0.738910162595294,-1.3830970737861,-0.858792593163361
4070_1,-0.790543378020023,-0.753209297410721,-0.803854817944797,0.634509741448525,0.244354917456908,-0.516788440859413,0.140484620919054,-0.419464452384131,-0.265001052880394
4070_2,-0.644953504689564,-0.662837265520571,-0.650385740768212,-0.605514412422142,-0.75389392159541,-0.914880963000072,0.140236424246386,-0.627367747176929,-0.826579913192239
4070_3,-0.122386681338194,-0.0103246626615707,-0.144853588734089,1.04545201410168,-0.333957601103199,-0.985458324848657,-0.111769620410125,-0.433631131233779,-0.563046989123989
4070_4,-0.427441031705963,-0.398614782240548,-0.460765121172433,0.012023903531557,-0.040895691214775,-0.478185661733468,0.642035930481576,-0.0184860046279371,-0.360267674358795
4071_1,-0.626012015374337,-0.502604300324754,-0.645122506342202,0.061598494097257,0.925052521208619,-0.0612267472338947,1.07425106366904,-0.215464635388021,-0.209449539916211
4071_2,-0.995392169687993,-1.01143282031966,-0.957019374662526,-0.605514412422142,1.60268331290651,0.824788254953339,0.769226356465552,-0.225252611876458,0.477975633852229
4071_3,-0.114155834508615,0.0440451125502519,-0.191457702510334,0.93244502565034,0.120467304823743,0.0998414988186111,-0.672355894997011,0.424906168542759,0.599475660584062
4071_4,-0.736207954550767,-0.61075138614382,-0.713822378441011,0.388425514626443,1.72198197911348,0.686102097941646,0.657966460629234,0.0185049815841844,0.222932602606464
4072_1,2.0250565969793,2.17949968763461,2.33612042204856,-0.226560022761814,0.706793265810168,0.974925232818918,0.030478466790628,1.64094101348334,0.137850734703991
4072_2,0.342171596421788,0.441584907040807,0.250528458714857,-0.50465028855624,0.1191272603566,-0.890906529100436,-0.224285492924241,-0.660584204029696,-0.897670852236366
4072_3,2.8057435982237,3.24312332957717,2.63214825944304,-0.0577925939795005,2.89231574470462,0.203897820220522,-0.153488954757181,0.815832914780548,0.445416184603364
4072_4,2.39106873486479,2.90003421504044,2.44296480755891,0.414005075804231,3.0132991281456,2.06279227762829,0.616067239276907,2.6812910412361,1.95136480241762
4073_1,0.549411593385759,0.614255323148023,0.382184950003873,0.552418278712296,0.120705027995856,-0.303300001469904,-0.744358045711263,-0.248711888122908,0.303810404974963
4073_2,-0.118495673373798,-0.123702153836953,-0.250133545761585,0.0386490605841547,-0.402769407448507,-0.29392184544574,-0.688115956559285,-0.493844273764033,-0.285477057747564
4073_3,-0.275538270688159,-0.332490589609229,-0.362559425390988,0.83935644626436,-0.187790130997258,-0.352905993186074,-0.754655545375025,-0.633542434779943,-0.399376473097882
4073_4,0.66129223441413,0.761628423442642,0.572794204697288,0.338479997446641,1.12217910686795,0.816232103269939,-0.667290406263626,0.735491965868514,1.15099204182472
4074_1,3.13042685379465,3.39034330436698,3.67154635461871,0.50295230978761,0.955292166052127,0.817920844512274,-0.50292902474726,3.16292100814698,0.893890623354
4074_2,0.356691941795218,0.461522313449539,0.542451570392161,-0.401834068587935,-0.424843446909008,-0.442392036839971,-0.611854325355959,0.385710534896506,-0.4932332947719
4074_3,-0.234513812737395,-0.175117120123677,-0.192739702094983,-0.26625258157739,-1.02814441489796,-0.817096639704176,-0.703742287512607,-0.545480888006556,-0.897550079695264
4074_4,-0.823398266633839,-0.830253194271379,-0.704637403099452,-0.552040918992628,-1.08306827009128,-0.969064587831505,-0.673763917859666,-0.770147677037401,-0.986644046273869
4075_1,-0.136395944806595,-0.112164056399838,0.0695241147539219,1.30040260452026,-0.387522107915342,0.0866630141494271,-0.713480355192877,0.219427368829145,0.523938065888348
4075_2,0.0673737666876527,0.05710794295535,-0.0773649560758215,0.119006543633578,-0.0702685675907698,-0.433883874538639,-0.687812984001424,-0.105115049934413,1.1049868969048
4075_3,0.170354547768684,0.192159875585132,0.0126491781539762,0.802395651144327,0.221945191116672,-0.10347708874369,-0.692377021623787,0.0194295820669788,0.848838811874449
4075_4,-0.0433331384337838,-0.0317665843156185,-0.0563869192945009,-0.0307170911712851,-0.0658338786122074,-0.282452551077417,-0.627603708612633,0.193449473395953,0.857117000655075
4076_1,-0.212621133079458,-0.138748360482711,-0.459892598637193,6.13287855599145,1.10580346518575,0.950325636132034,-0.739965803379842,-1.24444382433242,0.508499913730865
4076_2,-1.11178442409312,-1.21001074730888,-1.09973220003254,1.66516810499519,0.745262378054152,1.12669325507173,-0.711258405304794,-1.35035057190833,-0.142520977146039
4076_3,-0.619066291477242,-0.743647273632269,-0.730628542248724,6.37307691704016,0.925408469718309,0.832394967382914,-0.747716189850404,-1.24064937211426,0.576434625573896
4076_4,-0.969229241952996,-1.02198850482972,-0.991065932236033,1.56501432281337,4.05534418397133,5.54978757721721,-0.686532755148311,-1.20469504884395,1.80034094856026
4077_1,-0.223022204244237,-0.188479180106216,-0.151964766436218,-0.317116072657519,-0.664540556826477,-0.263889531510081,0.41755539575784,-0.473795053295412,-0.653155889710333
4077_2,-0.841346129803901,-0.659604314332104,-0.766925573566632,-0.605514412422142,2.12832013270113,1.37847216165591,1.66771113064365,0.358737979584059,0.749820891115385
4077_3,0.109778947949015,0.20183130858812,0.114292133318761,0.281248408780572,-0.292222150500226,-0.422613103466439,0.242795614060634,-0.226154171283451,-0.25787359683656
4077_4,-0.962880211967021,-0.970805186384072,-0.935374814071595,-0.378439967823734,0.772820809672859,1.02394645554791,-0.690243934320822,-0.37621490621856,-0.197194538584227
4078_1,0.153942700174108,-0.00542496272345096,0.117134365662937,-0.496392234045745,-1.10377051827566,-0.7899249246252,-0.566082458933772,-0.274829729247296,-1.0779517801468
4078_2,-0.28260944441304,-0.476790232974102,-0.292941357422479,-0.540856358043935,-1.23817105456747,-0.980570314750192,-0.718266692775597,-0.569413376915884,-1.11759577931788
4078_3,-0.354599497796362,-0.484038163707245,-0.39689875869631,-0.55048920549063,-1.23817469404526,-1.05498997629712,-0.680019097730274,-0.768875048947948,-1.20294657902821
4078_4,-0.357789826098588,-0.601865187773704,-0.332268006020994,-0.542972479136499,-1.41349677487915,-1.10569367749184,-0.825892971515787,-0.536450583424817,-1.21717868066019
4080_1,0.0498507401581563,0.00435580540055343,-0.0338584047286708,-0.474508368376184,-1.02926402309602,-0.712810285498805,-0.137696983395945,-0.363319625010808,-0.856778975295049
4080_2,-0.256426966360839,-0.270398348646357,-0.21782316157751,-0.605514412422142,-0.687620864110338,-0.981693510544918,-0.243429120933323,-0.391791121249557,-0.584250803203827
4080_3,-1.00505586237467,-1.00965814396467,-0.932067776871316,-0.605514412422142,0.0903894068008823,0.561025657489697,0.907700253056001,0.0168813705889673,0.387350132114666
4080_4,-0.647517984676713,-0.681563879080688,-0.60336601916389,-0.605514412422142,-0.722075239205274,-0.480713975738989,0.326189673909979,-0.226520349945944,-0.497790361170371
4081_1,-8.49963198120082e-16,3.27529571486963e-16,0,2.24044673340165e-16,-3.31278309095583e-16,-5.06647640742511e-16,0,-3.78122704912326e-16,0
4081_2,0.0835760526508552,0.211052725446537,0.0207061618387642,-0.422026771521077,-0.297259703800536,-0.964628115649782,-0.0437196228229154,-0.193754362186899,-0.236822027930736
4081_3,-0.241421688876971,-0.224234418167317,-0.338658292080521,-0.605514412422142,-0.347008756869507,-0.532725405465582,0.653845109137168,-0.292186283293416,-0.539253958782196
4081_4,-0.512724240087197,-0.51753673589168,-0.483340510100997,-0.52182016523329,-0.941290594634829,-1.111944659605,-0.443686458430497,-0.66680409838199,-0.724343140967846
4082_1,0.71159583444126,0.820905087226073,0.386830350600691,-0.605514412422142,0.887627838471962,-0.203981031700028,2.58625012537738,1.1504607517029,-0.0650736670666783
4082_2,-0.34131234902495,-0.392601492114564,-0.320285018791726,-0.488240510632862,-0.772612134236829,-1.3291372992191,-0.194227045999908,-0.567151577501451,-0.699980936199439
4082_3,0.418772216676546,0.4238506532726,0.383352169479121,-0.605514412422142,-0.406528794786078,-0.949180197587532,2.76348030699171,0.271890158059498,-0.75520468011542
4082_4,-0.277102660940128,-0.337667488450806,-0.312610989261717,-0.605514412422142,-0.685844303872489,-1.24077311801564,-0.194320989355344,-0.588005880279388,-0.746366270824503
4083_1,-0.0638395001110605,-0.0199358567262352,0.0925203598495705,-0.575624000624049,-0.352505517997673,-0.958864261885941,-0.779212410376826,-0.196052627179867,-0.050433625812437
4083_2,0.235345517252285,0.172835227150496,0.272550764384556,-0.605514412422142,-0.186429184065926,-0.0437316373420265,-0.817762582078061,0.270523109257423,0.497704635712471
4083_3,2.46143713340752,2.30628323608291,2.27830625058212,-0.543727150330051,0.964543160433515,1.36865076861145,-0.769201183622292,1.66444053904297,2.67227479745737
4083_4,0.080062165960888,-0.00775051128213394,0.0394968207778367,-0.605514412422142,-0.0837333119346644,-0.0161493826560108,-0.826435927108586,-0.211188644811294,0.325294256329882
4084_1,0.66495733280699,0.665471631498062,0.630221569894493,-0.297983437339224,0.190721415642531,0.152650168872197,-0.27122394296578,0.600675953997812,-0.0638495240073257
4084_2,-0.392279533527667,-0.504831059259418,-0.295590764122561,-0.605514412422142,0.773477833496223,-0.136535296572841,0.683851049386464,0.374133435449682,0.154447760917537
4084_3,-0.0270157566265977,-0.108379861309322,0.0268879544699607,-0.376715551623638,-1.02291714381962,-0.567034022789714,-0.325256278526616,-0.32407545287651,-0.692597322352723
4084_4,-0.133535467455854,-0.127472727634124,-0.212852126185726,-0.502087455451733,-1.00601018854293,-0.975089898742799,-0.269615036478398,-0.58208168860076,-0.813151014193475
4086_1,0.472556568757779,0.50169820867029,0.398065662582854,0.277941966406298,-0.294713515560436,-0.122130203493354,0.631000878263838,0.652482805405301,0.155924755228239
4086_2,-0.83315341113845,-0.773827671866239,-0.75793782608645,-0.605514412422142,-0.410948366396785,-0.787592719699947,0.0259913417190186,-0.830281816486275,-0.72783393946695
4086_3,-0.858451890792158,-0.90175140141751,-0.776734036694536,-0.224150292452942,-1.18956507150345,-1.32497267708916,-0.342584973446773,-0.990015987122854,-1.09196588707834
4086_4,-0.547471908764148,-0.510629792641615,-0.537948779411953,-0.605514412422142,-0.72092736496835,-0.921618828679556,0.0411556011747022,-0.612959664105691,-0.633554010658683
4087_1,0.619995622707028,0.555149845659292,0.417354244150115,-0.00876173260657112,-0.455537472553874,-0.621361923595588,0.109285587247521,-0.175497765228716,-0.956703120821157
4087_2,0.828411970859263,0.721006896901687,0.746543037780873,-0.181378129755595,-0.291128945364999,-0.702270181773424,-0.235158212766607,0.29604222298419,-0.827978479965172
4087_3,-0.0675374086620733,-0.24646001549147,-0.153982180000933,-0.285589088752923,-1.13678744084656,-0.986598453512514,-0.795372714735431,-0.552822107427078,-1.14878982082169
4087_4,-0.261233742401027,-0.373140047661096,-0.290424304055127,-0.425693508936627,-0.993231797591717,-1.07344470047745,-0.417075336536723,-0.365336819455113,-1.06723838431623
4088_1,-0.100845941324559,-0.17949211410405,-0.176816905627409,0.28169910369116,-1.35691228216937,-0.701226507981962,-0.817070394256518,-0.33733579372047,-0.627681846210572
4088_2,1.28075915414465,1.53745971794521,1.11553184925543,0.287383896832044,0.0549451059319599,0.0836202507257223,-0.756952962718453,1.10424546778983,1.62371520370279
4088_3,-0.0916121534382131,-0.169771004700466,-0.199105080381731,0.152992443250071,-1.47146273961726,-0.782458813010509,-0.776267627035489,-0.543321935673221,-0.512072138428837
4088_4,0.377394533364188,0.629139000204808,0.204296565744496,0.306225521022718,-0.266518460787089,0.037493206041949,-0.76516305634569,0.289172155061322,1.07163395111498
4089_1,-0.451664939848834,-0.572161109998047,-0.582522271862122,-0.175865603847869,-1.25449547842738,-0.538158723805213,-0.844684337815288,-0.860718691988729,-0.813860850225951
4089_2,-0.340215589694922,-0.404159643918417,-0.458950582086942,-0.384143818953189,-0.613891721605357,-0.381871746653524,-0.806578543426332,-0.570307880687525,-0.414653051550691
4089_3,-0.608375297944318,-0.597240455275801,-0.748113648323987,1.47505471901017,-0.101242807145579,-0.104350768405411,-0.82120301343241,-0.868678511507968,-0.606102793556079
4089_4,-0.847888179461934,-0.819324142240456,-0.870641769157288,-0.124829459919846,-0.48257202734147,-0.741464514258379,-0.807057768362104,-1.02633401995908,-0.771448449545935
4090_1,0.857148202085651,0.922667561314465,0.595830234078985,0.159003473281376,0.787470609309752,0.66683561612923,0.193231520533318,1.12281447670552,1.16037273157702
4090_2,-0.00944414191225557,0.170328951257305,-0.135048767258325,-0.605514412422142,0.734625871643958,0.287176069380469,0.36765188662196,1.5088717013989,1.88428842748115
4090_3,1.34215553205331,1.28277292691319,0.917377590270261,0.551238243142483,-0.464096088120723,-0.384615159510497,-0.0417821056175422,0.436363577948644,-0.165338541048603
4090_4,-0.153889676271946,-0.124583284182868,-0.27608877157882,1.37999666563452,2.90226612737818,2.31135735771277,2.35402937819173,2.49490277836619,4.20695112372429
4092_1,0.899148235509967,0.826688637941101,0.916145504528456,-0.28326660165495,-0.648180624246906,-0.773497906938213,-0.413446752918196,-0.0708135526112038,-0.42489992572207
4092_2,0.925549244734919,0.928346232449088,0.907055870998535,-0.605514412422142,-0.348286967233554,0.0408331104407287,0.457266821103385,0.6021261752246,-0.155031721587578
4092_3,1.0149854194204,0.80761306693964,1.06019629575585,-0.241708058241353,-0.87724663782354,-0.630259045204879,-0.458002462070453,0.0241126302376764,-0.824262739566594
4092_4,0.292737915836642,0.187925731507688,0.276784072089893,-0.605514412422142,-0.737967990854204,-0.845398192283584,-0.152279614264619,-0.244635691397798,-0.65396203192062
4093_1,-0.19287466626761,0.168053965414866,-0.132511271106808,-0.195144302952083,1.51149407601135,0.53553198443092,-0.257446772367036,-0.0306986692642294,0.532012980558087
4093_2,-0.28564246353065,-0.0461832971099968,-0.286573027679629,-0.311225922498038,-0.167376541270863,-0.643122703709749,-0.39558989981862,-0.416310180328777,-0.161722472463771
4093_3,-0.67053783976122,-0.528823295377904,-0.59578788156386,0.213267646987345,0.0102720961148136,-0.409765582376145,0.200142680386578,-0.721460798773383,-0.595476062972506
4093_4,-0.590522859369988,-0.460513628493171,-0.496781493983391,-0.605514412422142,0.170839736564165,-0.701832302484766,0.0923629355460022,-0.291969884850534,-0.306240275625291
4094_1,1.01730285303236,1.7666128836981,1.20661521411779,8.6581495820371,2.45336214192531,1.62126182986611,-0.728546720452725,2.39953669228764,2.15013009438247
4094_2,0.779546336064229,1.31310000742364,0.882457182272053,1.02051254503825,1.44724427280059,1.49869623730435,-0.716826361049762,2.05555126284143,3.13852101595656
4094_3,-0.453013429409116,-0.430958039614725,-0.378470252263532,0.550963030887861,-1.05188348503818,-1.00148759539285,-0.819459611359883,-0.664015159402274,-0.80646536161202
4094_4,-0.611418524086329,-0.329805922992825,-0.484171606242129,-0.0470663272462117,0.593362570684294,-0.177943045137404,-0.766316264446997,0.0367896697315294,0.637954131943556
4096_1,-0.354417857393168,-0.349164004760506,-0.372813789003685,-0.492337763952953,-0.0875469068829652,0.332121391827504,-0.727115335555309,0.0648183133568636,0.615200086679475
4096_2,-1.11694168488404,-1.24608952549814,-1.08446359112231,-0.605514412422142,-0.820530110348874,-0.633279902828502,-0.671255526972042,-0.976833360377502,-0.51397967269437
4096_3,-8.49963198120082e-16,3.27529571486963e-16,0,2.24044673340165e-16,-3.31278309095583e-16,-5.06647640742511e-16,0,-3.78122704912326e-16,0
4096_4,-0.36766716480841,-0.170875430228772,-0.345306907579921,-0.605514412422142,1.38371612563325,0.484858016283934,-0.144817930242384,0.956692682068699,3.30879805691278
4097_1,0.256676149832632,0.372833108400771,0.288329075683165,2.00925736323267,-0.694811528207282,-0.222887197128685,2.98206756848099,0.343085496234914,-0.5805189793002
4097_2,1.03095952615851,1.07826607676436,1.06849080005077,1.16374777713803,0.392023766030163,0.603892576032968,2.79340621500161,1.38392237927167,-0.0036542170518302
4097_3,0.840926464266312,0.782693021639896,0.797895934865386,2.37409290439854,-0.181144115529625,-0.289441665501201,1.12039559561552,0.559117508168355,-0.149900852766686
4097_4,-0.409639329117444,-0.483874511233598,-0.445049361798519,-0.605514412422142,-0.841948718268467,-0.991346199718123,1.67463394988045,-0.218292507765536,-0.720082566282803
